date,market,open_interest,managed_money_long,managed_money_short,managed_money_spread,managed_money_net,managed_money_net_to_oi
2021-01-05,GOLD - COMMODITY EXCHANGE INC.,568888,167096,50527,32294,116569,0.20490676547932107
2021-01-12,GOLD - COMMODITY EXCHANGE INC.,555538,131057,52823,37857,78234,0.14082565009054285
2021-01-19,GOLD - COMMODITY EXCHANGE INC.,541330,127161,49090,50044,78071,0.14422071564480077
2021-01-26,GOLD - COMMODITY EXCHANGE INC.,534574,142815,46416,38435,96399,0.18032863551164105
2021-02-02,GOLD - COMMODITY EXCHANGE INC.,520011,137062,49284,39241,87778,0.16880027537879005
2021-02-09,GOLD - COMMODITY EXCHANGE INC.,506741,134733,47093,37196,87640,0.17294831087281273
2021-02-16,GOLD - COMMODITY EXCHANGE INC.,503016,125997,58041,34413,67956,0.1350970943270194
2021-02-23,GOLD - COMMODITY EXCHANGE INC.,481125,125124,56001,35977,69123,0.14366952455183166
2021-03-02,GOLD - COMMODITY EXCHANGE INC.,467008,106608,60648,37077,45960,0.09841373167054954
2021-03-09,GOLD - COMMODITY EXCHANGE INC.,473871,96223,66793,30316,29430,0.06210550972733086
2021-03-16,GOLD - COMMODITY EXCHANGE INC.,476467,100669,59548,34231,41121,0.08630398327691109
2021-03-23,GOLD - COMMODITY EXCHANGE INC.,485457,107941,64420,31391,43521,0.08964954671577503
2021-03-30,GOLD - COMMODITY EXCHANGE INC.,467321,113009,69936,27280,43073,0.09217005013684385
2021-04-06,GOLD - COMMODITY EXCHANGE INC.,463353,121563,55091,26229,66472,0.14345865894900864
2021-04-13,GOLD - COMMODITY EXCHANGE INC.,460733,112070,58263,24810,53807,0.11678564374594397
2021-04-20,GOLD - COMMODITY EXCHANGE INC.,471738,116843,60419,25335,56424,0.11960876588275696
2021-04-27,GOLD - COMMODITY EXCHANGE INC.,473305,117144,66493,25430,50651,0.10701556079061071
2021-05-04,GOLD - COMMODITY EXCHANGE INC.,470341,117434,63809,25208,53625,0.11401302459279544
2021-05-11,GOLD - COMMODITY EXCHANGE INC.,498693,131295,49680,27128,81615,0.16365780149310297
2021-05-18,GOLD - COMMODITY EXCHANGE INC.,520410,141776,49786,27418,91990,0.17676447416460098
2021-05-25,GOLD - COMMODITY EXCHANGE INC.,510164,143862,36607,29878,107255,0.2102363161649979
2021-06-01,GOLD - COMMODITY EXCHANGE INC.,489198,147270,37297,28107,109973,0.22480263615141519
2021-06-08,GOLD - COMMODITY EXCHANGE INC.,491858,145037,37373,26830,107664,0.21889244456733448
2021-06-15,GOLD - COMMODITY EXCHANGE INC.,480127,138546,41754,25408,96792,0.20159666088347458
2021-06-22,GOLD - COMMODITY EXCHANGE INC.,453940,110038,47502,25441,62536,0.1377626999162885
2021-06-29,GOLD - COMMODITY EXCHANGE INC.,453360,115438,54056,23930,61382,0.13539350626433738
2021-07-06,GOLD - COMMODITY EXCHANGE INC.,465811,131218,53258,21212,77960,0.16736401673640167
2021-07-13,GOLD - COMMODITY EXCHANGE INC.,495798,135938,49647,22119,86291,0.17404467141860194
2021-07-20,GOLD - COMMODITY EXCHANGE INC.,490520,135163,44735,20020,90428,0.18435130066052352
2021-07-27,GOLD - COMMODITY EXCHANGE INC.,500187,131635,41405,44240,90230,0.18039253319258597
2021-08-03,GOLD - COMMODITY EXCHANGE INC.,485663,132920,43047,20460,89873,0.18505218639262205
2021-08-10,GOLD - COMMODITY EXCHANGE INC.,477232,111892,76489,13028,35403,0.07418404465752507
2021-08-17,GOLD - COMMODITY EXCHANGE INC.,485485,117272,58194,15999,59078,0.12168862065769283
2021-08-24,GOLD - COMMODITY EXCHANGE INC.,504735,126636,51192,18282,75444,0.1494724954679188
2021-08-31,GOLD - COMMODITY EXCHANGE INC.,507113,136555,54878,16704,81677,0.1610627217207999
2021-09-07,GOLD - COMMODITY EXCHANGE INC.,506772,129044,61449,15967,67595,0.13338345449235553
2021-09-14,GOLD - COMMODITY EXCHANGE INC.,506356,130837,59615,17532,71222,0.14065598116740002
2021-09-21,GOLD - COMMODITY EXCHANGE INC.,492765,119777,72933,15992,46844,0.09506356985581363
2021-09-28,GOLD - COMMODITY EXCHANGE INC.,490858,118923,88062,15651,30861,0.0628715432976543
2021-10-05,GOLD - COMMODITY EXCHANGE INC.,483789,126745,72579,14011,54166,0.1119620330350628
2021-10-12,GOLD - COMMODITY EXCHANGE INC.,484382,131668,73149,15031,58519,0.12081167343130009
2021-10-19,GOLD - COMMODITY EXCHANGE INC.,485974,124560,66761,14554,57799,0.11893434628189986
2021-10-26,GOLD - COMMODITY EXCHANGE INC.,509794,141280,54918,23815,86362,0.16940568151057095
2021-11-02,GOLD - COMMODITY EXCHANGE INC.,507616,136944,51705,33020,85239,0.167920238920759
2021-11-09,GOLD - COMMODITY EXCHANGE INC.,571025,168133,42523,41247,125610,0.21997285582942955
2021-11-16,GOLD - COMMODITY EXCHANGE INC.,612612,185468,43083,48971,142385,0.2324228059522177
2021-11-23,GOLD - COMMODITY EXCHANGE INC.,559823,152273,46934,31273,105339,0.1881648306696938
2021-11-30,GOLD - COMMODITY EXCHANGE INC.,531868,137469,45384,32991,92085,0.17313506358720585
2021-12-07,GOLD - COMMODITY EXCHANGE INC.,499307,125067,44326,32682,80741,0.1617061246888187
2021-12-14,GOLD - COMMODITY EXCHANGE INC.,503709,121492,58075,31775,63417,0.12590007325658267
2021-12-21,GOLD - COMMODITY EXCHANGE INC.,500846,124120,52372,32774,71748,0.14325361488361693
2021-12-28,GOLD - COMMODITY EXCHANGE INC.,508912,130389,46726,33455,83663,0.16439580909862608
2022-01-04,GOLD - COMMODITY EXCHANGE INC.,502717,124252,44744,37276,79508,0.15815657715971412
2022-01-11,GOLD - COMMODITY EXCHANGE INC.,546516,119297,44987,50002,74310,0.13597040159848933
2022-01-18,GOLD - COMMODITY EXCHANGE INC.,539204,119807,48014,39932,71793,0.13314626746092387
2022-01-25,GOLD - COMMODITY EXCHANGE INC.,572078,140640,39265,48912,101375,0.17720485668038274
2022-02-01,GOLD - COMMODITY EXCHANGE INC.,515331,108309,58395,42396,49914,0.09685813583890741
2022-02-08,GOLD - COMMODITY EXCHANGE INC.,512842,117234,47767,41506,69467,0.13545497443657112
2022-02-15,GOLD - COMMODITY EXCHANGE INC.,558645,151530,43824,47013,107706,0.19279864672555916
2022-02-22,GOLD - COMMODITY EXCHANGE INC.,611488,183356,44380,55800,138976,0.22727510597100842
2022-03-01,GOLD - COMMODITY EXCHANGE INC.,615600,187215,38594,53992,148621,0.24142462638076673
2022-03-08,GOLD - COMMODITY EXCHANGE INC.,638502,181510,38537,38554,142973,0.2239194239015696
2022-03-15,GOLD - COMMODITY EXCHANGE INC.,617605,165597,39060,31328,126537,0.20488338015398191
2022-03-22,GOLD - COMMODITY EXCHANGE INC.,605191,152589,37457,32756,115132,0.19024076696447897
2022-03-29,GOLD - COMMODITY EXCHANGE INC.,574521,146486,38184,37384,108302,0.1885083399910534
2022-04-05,GOLD - COMMODITY EXCHANGE INC.,560666,148320,46693,32241,101627,0.18126121434151526
2022-04-12,GOLD - COMMODITY EXCHANGE INC.,577639,165244,48219,31725,117025,0.20259193025401678
2022-04-19,GOLD - COMMODITY EXCHANGE INC.,575202,157560,56294,34469,101266,0.17605293444737674
2022-04-26,GOLD - COMMODITY EXCHANGE INC.,557785,138215,57098,36063,81117,0.14542700144320841
2022-05-03,GOLD - COMMODITY EXCHANGE INC.,560441,128828,60981,39883,67847,0.12106002237523665
2022-05-10,GOLD - COMMODITY EXCHANGE INC.,571447,123931,61939,61863,61992,0.10848250143932858
2022-05-17,GOLD - COMMODITY EXCHANGE INC.,555756,115572,72212,48635,43360,0.07801985043796199
2022-05-24,GOLD - COMMODITY EXCHANGE INC.,530098,121174,60117,38533,61057,0.11518058924953499
2022-05-31,GOLD - COMMODITY EXCHANGE INC.,513722,112731,61938,34212,50793,0.09887254195849117
2022-06-07,GOLD - COMMODITY EXCHANGE INC.,494130,115215,57684,34946,57531,0.1164288749924109
2022-06-14,GOLD - COMMODITY EXCHANGE INC.,497456,109111,72206,34898,36905,0.07418746582612332
2022-06-21,GOLD - COMMODITY EXCHANGE INC.,500276,113220,63417,36961,49803,0.09955104782160247
2022-06-28,GOLD - COMMODITY EXCHANGE INC.,497005,110850,74748,38340,36102,0.07263910825846823
2022-07-05,GOLD - COMMODITY EXCHANGE INC.,498210,103472,86438,38833,17034,0.03419040163786355
2022-07-12,GOLD - COMMODITY EXCHANGE INC.,542493,91669,97802,73944,-6133,-0.011305214998165876
2022-07-19,GOLD - COMMODITY EXCHANGE INC.,524786,91056,109794,67378,-18738,-0.0357059830102175
2022-07-26,GOLD - COMMODITY EXCHANGE INC.,487515,92216,111309,41752,-19093,-0.039163923161338626
2022-08-02,GOLD - COMMODITY EXCHANGE INC.,459649,96634,80779,33380,15855,0.034493711505953456
2022-08-09,GOLD - COMMODITY EXCHANGE INC.,453540,100013,59279,36807,40734,0.08981346738986638
2022-08-16,GOLD - COMMODITY EXCHANGE INC.,453960,96765,60392,37551,36373,0.08012379945369637
2022-08-23,GOLD - COMMODITY EXCHANGE INC.,457762,95850,73739,39072,22111,0.04830239294655301
2022-08-30,GOLD - COMMODITY EXCHANGE INC.,459165,91761,79973,39811,11788,0.025672688467108774
2022-09-06,GOLD - COMMODITY EXCHANGE INC.,465908,85842,92804,48627,-6962,-0.01494286425646265
2022-09-13,GOLD - COMMODITY EXCHANGE INC.,463674,80300,98637,51000,-18337,-0.039547181856217944
2022-09-20,GOLD - COMMODITY EXCHANGE INC.,469395,78544,115239,50131,-36695,-0.07817509773218717
2022-09-27,GOLD - COMMODITY EXCHANGE INC.,457061,74171,117265,51269,-43094,-0.09428500790922875
2022-10-04,GOLD - COMMODITY EXCHANGE INC.,437065,82806,89681,49981,-6875,-0.015729925754750438
2022-10-11,GOLD - COMMODITY EXCHANGE INC.,431395,78365,83945,50752,-5580,-0.012934781348879798
2022-10-18,GOLD - COMMODITY EXCHANGE INC.,434701,73344,99042,50402,-25698,-0.05911649616633042
2022-10-25,GOLD - COMMODITY EXCHANGE INC.,456072,72016,110804,51771,-38788,-0.08504797488115912
2022-11-01,GOLD - COMMODITY EXCHANGE INC.,467276,78213,119614,58278,-41401,-0.08860074131776509
2022-11-08,GOLD - COMMODITY EXCHANGE INC.,488471,88059,104405,69205,-16346,-0.03346360377586387
2022-11-15,GOLD - COMMODITY EXCHANGE INC.,495171,95065,69608,75828,25457,0.05141052282948719
2022-11-22,GOLD - COMMODITY EXCHANGE INC.,449542,92161,72730,45262,19431,0.04322399241895084
2022-11-29,GOLD - COMMODITY EXCHANGE INC.,433661,88032,73312,41705,14720,0.03394356421259924
2022-12-06,GOLD - COMMODITY EXCHANGE INC.,422100,93629,70142,40897,23487,0.05564321250888415
2022-12-13,GOLD - COMMODITY EXCHANGE INC.,437040,103737,66288,39850,37449,0.08568780889621087
2022-12-20,GOLD - COMMODITY EXCHANGE INC.,436653,104813,65718,41330,39095,0.08953333653954056
2022-12-27,GOLD - COMMODITY EXCHANGE INC.,440040,106983,56106,43511,50877,0.11561903463321516
2023-01-03,GOLD - COMMODITY EXCHANGE INC.,449393,109140,54559,46277,54581,0.12145494033062375
2023-01-10,GOLD - COMMODITY EXCHANGE INC.,481519,116604,54795,51130,61809,0.12836253605776718
2023-01-17,GOLD - COMMODITY EXCHANGE INC.,491818,124222,54845,56137,69377,0.14106234420049693
2023-01-24,GOLD - COMMODITY EXCHANGE INC.,499927,131501,51622,50144,79879,0.15978132807389878
2023-01-31,GOLD - COMMODITY EXCHANGE INC.,471642,138125,53678,36652,84447,0.17904893966186217
2023-02-07,GOLD - COMMODITY EXCHANGE INC.,439755,115521,55945,35692,59576,0.135475435185501
2023-02-14,GOLD - COMMODITY EXCHANGE INC.,426116,106106,64933,35047,41173,0.09662392400191497
2023-02-21,GOLD - COMMODITY EXCHANGE INC.,422648,104710,68004,37183,36706,0.08684768412485094
2023-02-28,GOLD - COMMODITY EXCHANGE INC.,426890,99425,72850,39934,26575,0.06225257091990911
2023-03-07,GOLD - COMMODITY EXCHANGE INC.,458474,103439,89040,45179,14399,0.03140636110226534
2023-03-14,GOLD - COMMODITY EXCHANGE INC.,459064,118560,58839,44131,59721,0.13009297178606904
2023-03-21,GOLD - COMMODITY EXCHANGE INC.,469874,125090,43861,45007,81229,0.17287400452036078
2023-03-28,GOLD - COMMODITY EXCHANGE INC.,478611,130530,31370,42643,99160,0.20718286875980702
2023-04-04,GOLD - COMMODITY EXCHANGE INC.,476592,142348,32217,31693,110131,0.2310802531305603
2023-04-11,GOLD - COMMODITY EXCHANGE INC.,476567,135015,30409,32439,104606,0.21949904210740567
2023-04-18,GOLD - COMMODITY EXCHANGE INC.,482254,137170,34474,31046,102696,0.21295002218747797
2023-04-25,GOLD - COMMODITY EXCHANGE INC.,473209,135979,33176,27707,102803,0.21724650207413637
2023-05-02,GOLD - COMMODITY EXCHANGE INC.,493804,143191,29401,31850,113790,0.23043555742764335
2023-05-09,GOLD - COMMODITY EXCHANGE INC.,518951,143463,32477,47158,110986,0.21386604901040754
2023-05-16,GOLD - COMMODITY EXCHANGE INC.,521832,139786,35803,45017,103983,0.19926528078002115
2023-05-23,GOLD - COMMODITY EXCHANGE INC.,479080,128550,35411,27579,93139,0.194412206729565
2023-05-30,GOLD - COMMODITY EXCHANGE INC.,449515,122904,36201,24902,86703,0.19288121642214387
2023-06-06,GOLD - COMMODITY EXCHANGE INC.,436301,120985,27557,26495,93428,0.21413657085360793
2023-06-13,GOLD - COMMODITY EXCHANGE INC.,432898,110512,35869,27364,74643,0.1724262990358006
2023-06-20,GOLD - COMMODITY EXCHANGE INC.,438037,110314,34275,30457,76039,0.1735903588053064
2023-06-27,GOLD - COMMODITY EXCHANGE INC.,431861,108209,38534,31279,69675,0.161336633777998
2023-07-03,GOLD - COMMODITY EXCHANGE INC.,448063,123017,39869,32723,83148,0.18557211820659147
2023-07-11,GOLD - COMMODITY EXCHANGE INC.,483170,124394,41951,41464,82443,0.1706293851025519
2023-07-18,GOLD - COMMODITY EXCHANGE INC.,482104,147644,32326,33429,115318,0.2391973516087815
2023-07-25,GOLD - COMMODITY EXCHANGE INC.,476176,132603,37316,35498,95287,0.20010878330701254
2023-08-01,GOLD - COMMODITY EXCHANGE INC.,439383,123802,43793,30029,80009,0.1820939817880983
2023-08-08,GOLD - COMMODITY EXCHANGE INC.,427759,114585,55979,29953,58606,0.13700705303687358
2023-08-15,GOLD - COMMODITY EXCHANGE INC.,433611,113146,83610,30928,29536,0.06811635313679773
2023-08-22,GOLD - COMMODITY EXCHANGE INC.,430239,105085,95976,32173,9109,0.021171953263186275
2023-08-29,GOLD - COMMODITY EXCHANGE INC.,442806,120609,81367,33536,39242,0.08862120206139935
2023-09-05,GOLD - COMMODITY EXCHANGE INC.,438672,120222,69857,33104,50365,0.11481243389138127
2023-09-12,GOLD - COMMODITY EXCHANGE INC.,441221,117737,83166,34102,34571,0.07835302490135329
2023-09-19,GOLD - COMMODITY EXCHANGE INC.,438078,121172,73782,35725,47390,0.10817708261999005
2023-09-26,GOLD - COMMODITY EXCHANGE INC.,435620,114668,91230,35282,23438,0.05380377393140811
2023-10-03,GOLD - COMMODITY EXCHANGE INC.,431226,100500,108061,32940,-7561,-0.017533729413347063
2023-10-10,GOLD - COMMODITY EXCHANGE INC.,436499,93934,120701,34940,-26767,-0.06132201906533578
2023-10-17,GOLD - COMMODITY EXCHANGE INC.,439581,104708,89605,39547,15103,0.0343577179177444
2023-10-24,GOLD - COMMODITY EXCHANGE INC.,463476,122456,66708,41442,55748,0.12028238786905902
2023-10-31,GOLD - COMMODITY EXCHANGE INC.,475808,140111,65271,41868,74840,0.15729033559755196
2023-11-07,GOLD - COMMODITY EXCHANGE INC.,484347,140609,62374,44562,78235,0.16152675664348082
2023-11-14,GOLD - COMMODITY EXCHANGE INC.,486634,132924,68609,46638,64315,0.13216298080282102
2023-11-21,GOLD - COMMODITY EXCHANGE INC.,508429,144381,65246,42144,79135,0.15564611774702072
2023-11-28,GOLD - COMMODITY EXCHANGE INC.,505658,169695,54802,28942,114893,0.2272148369055765
2023-12-05,GOLD - COMMODITY EXCHANGE INC.,487469,159907,50520,27391,109387,0.22439785914591492
2023-12-12,GOLD - COMMODITY EXCHANGE INC.,469939,149634,54106,28531,95528,0.20327744664733083
2023-12-19,GOLD - COMMODITY EXCHANGE INC.,481203,155697,47421,28885,108276,0.2250110660157979
2023-12-26,GOLD - COMMODITY EXCHANGE INC.,491343,152801,46347,30180,106454,0.21665923804755538
2024-01-02,GOLD - COMMODITY EXCHANGE INC.,500364,154384,45235,33238,109149,0.21813919466628295
2024-01-09,GOLD - COMMODITY EXCHANGE INC.,489849,134333,45874,35868,88459,0.18058422085173187
2024-01-16,GOLD - COMMODITY EXCHANGE INC.,489334,130931,47702,41913,83229,0.17008628053640254
2024-01-23,GOLD - COMMODITY EXCHANGE INC.,465872,111298,50265,40521,61033,0.13100808805852251
2024-01-30,GOLD - COMMODITY EXCHANGE INC.,430328,108093,52069,33205,56024,0.1301890650852373
2024-02-06,GOLD - COMMODITY EXCHANGE INC.,419121,114316,46247,31466,68069,0.16240894634246436
2024-02-13,GOLD - COMMODITY EXCHANGE INC.,420812,100642,66466,36698,34176,0.0812144140376225
2024-02-20,GOLD - COMMODITY EXCHANGE INC.,407063,98840,48917,35670,49923,0.12264194977190263
2024-02-27,GOLD - COMMODITY EXCHANGE INC.,411195,103885,47732,36277,56153,0.136560512652148
2024-03-05,GOLD - COMMODITY EXCHANGE INC.,471616,145106,35343,38504,109763,0.23273807504410368
2024-03-12,GOLD - COMMODITY EXCHANGE INC.,516057,173994,32911,39000,141083,0.27338646699880054
2024-03-19,GOLD - COMMODITY EXCHANGE INC.,535047,172588,29692,49801,142896,0.26707186471468863
2024-03-26,GOLD - COMMODITY EXCHANGE INC.,503642,163006,27211,33140,135795,0.26962604389625966
2024-04-02,GOLD - COMMODITY EXCHANGE INC.,500045,173073,25993,30153,147080,0.2941335279824816
2024-04-09,GOLD - COMMODITY EXCHANGE INC.,505214,174617,32885,29589,141732,0.2805385440625161
2024-04-16,GOLD - COMMODITY EXCHANGE INC.,517193,169910,35174,37065,134736,0.2605139667396891
2024-04-23,GOLD - COMMODITY EXCHANGE INC.,516249,176400,34261,44015,142139,0.27533031540981195
2024-04-30,GOLD - COMMODITY EXCHANGE INC.,519791,171853,36826,48645,135027,0.25977171593967574
2024-05-07,GOLD - COMMODITY EXCHANGE INC.,529835,164780,38681,56799,126099,0.23799673483254222
2024-05-14,GOLD - COMMODITY EXCHANGE INC.,522952,171868,41433,36357,130435,0.2494205969190289
2024-05-21,GOLD - COMMODITY EXCHANGE INC.,530591,190605,42082,35310,148523,0.27991993833291556
2024-05-28,GOLD - COMMODITY EXCHANGE INC.,485430,174444,25616,24917,148828,0.3065900335784768
2024-06-04,GOLD - COMMODITY EXCHANGE INC.,447488,172560,20261,17978,152299,0.3403420873855835
2024-06-11,GOLD - COMMODITY EXCHANGE INC.,436857,168424,15459,15958,152965,0.35014890456144687
2024-06-18,GOLD - COMMODITY EXCHANGE INC.,444345,177639,17018,15366,160621,0.3614781307317512
2024-06-25,GOLD - COMMODITY EXCHANGE INC.,452190,174756,16554,17574,158202,0.3498573608438931
2024-07-02,GOLD - COMMODITY EXCHANGE INC.,454730,167688,16873,22299,150815,0.33165834671123523
2024-07-09,GOLD - COMMODITY EXCHANGE INC.,516324,181982,24515,42934,157467,0.3049771073976805
2024-07-16,GOLD - COMMODITY EXCHANGE INC.,579862,216502,31970,31300,184532,0.31823433851502597
2024-07-23,GOLD - COMMODITY EXCHANGE INC.,572306,197802,34942,41039,162860,0.28456804576572675
2024-07-30,GOLD - COMMODITY EXCHANGE INC.,510914,185586,33222,22563,152364,0.2982184868686315
2024-08-06,GOLD - COMMODITY EXCHANGE INC.,480645,180303,29517,21094,150786,0.3137159441999813
2024-08-13,GOLD - COMMODITY EXCHANGE INC.,505872,203844,25929,19009,177915,0.35169963943448146
2024-08-20,GOLD - COMMODITY EXCHANGE INC.,532867,222142,28837,19236,193305,0.3627640668309353
2024-08-27,GOLD - COMMODITY EXCHANGE INC.,521759,217976,17685,21993,200291,0.3838764640379946
2024-09-03,GOLD - COMMODITY EXCHANGE INC.,511136,212086,19996,20378,192090,0.37580996055844235
2024-09-10,GOLD - COMMODITY EXCHANGE INC.,511501,213645,23190,20876,190455,0.37234531310789226
2024-09-17,GOLD - COMMODITY EXCHANGE INC.,537627,241844,25489,21035,216355,0.40242584542815
2024-09-24,GOLD - COMMODITY EXCHANGE INC.,564640,256435,37406,20681,219029,0.3879091102295268
2024-10-01,GOLD - COMMODITY EXCHANGE INC.,533107,247867,33405,18204,214462,0.40228697053312
2024-10-08,GOLD - COMMODITY EXCHANGE INC.,520316,227596,33537,23430,194059,0.3729637374211056
2024-10-15,GOLD - COMMODITY EXCHANGE INC.,541232,233871,34450,35343,199421,0.3684575191415142
2024-10-22,GOLD - COMMODITY EXCHANGE INC.,573760,242427,37267,52677,205160,0.35757110987172336
2024-10-29,GOLD - COMMODITY EXCHANGE INC.,579468,234856,39683,64343,195173,0.33681411225468877
2024-11-05,GOLD - COMMODITY EXCHANGE INC.,558034,219687,36684,69684,183003,0.32794238343900195
2024-11-12,GOLD - COMMODITY EXCHANGE INC.,535981,203661,38365,62058,165296,0.3083989917553048
2024-11-19,GOLD - COMMODITY EXCHANGE INC.,502952,193355,38181,46147,155174,0.3085264597814503
2024-11-26,GOLD - COMMODITY EXCHANGE INC.,472660,203596,24306,29011,179290,0.37932128802945037
2024-12-03,GOLD - COMMODITY EXCHANGE INC.,462040,203580,22845,28552,180735,0.39116743139122157
2024-12-10,GOLD - COMMODITY EXCHANGE INC.,483346,218482,22404,32041,196078,0.4056679893906229
2024-12-17,GOLD - COMMODITY EXCHANGE INC.,466571,201880,18378,39928,183502,0.3932991977641131
2024-12-24,GOLD - COMMODITY EXCHANGE INC.,454646,186099,20602,40060,165497,0.3640128803508664
2024-12-31,GOLD - COMMODITY EXCHANGE INC.,458584,182128,15959,47970,166169,0.36235237164837847
2025-01-07,GOLD - COMMODITY EXCHANGE INC.,477043,191873,14232,54656,177641,0.3723794291080678
2025-01-14,GOLD - COMMODITY EXCHANGE INC.,526467,206968,11346,49132,195622,0.3715750464891437
2025-01-21,GOLD - COMMODITY EXCHANGE INC.,571387,226964,11095,62339,215869,0.37779823482158326
2025-01-28,GOLD - COMMODITY EXCHANGE INC.,577505,227871,17331,59089,210540,0.364568272136172
2025-02-04,GOLD - COMMODITY EXCHANGE INC.,542004,240485,30952,42711,209533,0.3865893978642224
2025-02-11,GOLD - COMMODITY EXCHANGE INC.,528719,229071,34268,42346,194803,0.3684433508158398
2025-02-18,GOLD - COMMODITY EXCHANGE INC.,522330,222538,37209,42964,185329,0.3548120919725078
2025-02-25,GOLD - COMMODITY EXCHANGE INC.,512179,212694,32882,51509,179812,0.35107257423674143
2025-03-04,GOLD - COMMODITY EXCHANGE INC.,489270,204965,38307,46726,166658,0.34062583031863797
2025-03-11,GOLD - COMMODITY EXCHANGE INC.,511276,204907,37331,53419,167576,0.3277603486179676
2025-03-18,GOLD - COMMODITY EXCHANGE INC.,533566,220879,37045,45785,183834,0.34453844510332365
2025-03-25,GOLD - COMMODITY EXCHANGE INC.,511482,213505,38773,33445,174732,0.3416190599082666
2025-04-01,GOLD - COMMODITY EXCHANGE INC.,498746,204833,62834,36509,141999,0.2847120578410654
2025-04-08,GOLD - COMMODITY EXCHANGE INC.,445468,175393,44407,43964,130986,0.2940413228335144
2025-04-15,GOLD - COMMODITY EXCHANGE INC.,456628,168400,43546,46311,124854,0.27342607111259054
2025-04-22,GOLD - COMMODITY EXCHANGE INC.,465351,166360,45458,52096,120902,0.2598081877980277
2025-04-29,GOLD - COMMODITY EXCHANGE INC.,451868,150715,44820,51214,105895,0.23434941177512017
2025-05-06,GOLD - COMMODITY EXCHANGE INC.,452414,144383,42292,56650,102091,0.22565835716843421
2025-05-13,GOLD - COMMODITY EXCHANGE INC.,440842,144410,43183,41375,101227,0.2296219507215737
2025-05-20,GOLD - COMMODITY EXCHANGE INC.,448000,149149,41520,47513,107629,0.24024330357142856
2025-05-27,GOLD - COMMODITY EXCHANGE INC.,437538,147502,36686,46314,110816,0.2532717158281109
2025-06-03,GOLD - COMMODITY EXCHANGE INC.,415941,159966,36384,33129,123582,0.29711425418508874
2025-06-10,GOLD - COMMODITY EXCHANGE INC.,417143,160680,36589,33843,124091,0.2974783227813963
2025-06-17,GOLD - COMMODITY EXCHANGE INC.,441214,167646,37135,38611,130511,0.29579977063284485
2025-06-24,GOLD - COMMODITY EXCHANGE INC.,434958,163829,38701,36953,125128,0.28767835055338675
2025-07-01,GOLD - COMMODITY EXCHANGE INC.,437662,165086,34726,39920,130360,0.29785542267777415
2025-07-08,GOLD - COMMODITY EXCHANGE INC.,443144,164685,35743,36388,128942,0.2909708807972126
2025-07-15,GOLD - COMMODITY EXCHANGE INC.,448531,172657,35930,22625,136727,0.3048328878048563
2025-07-22,GOLD - COMMODITY EXCHANGE INC.,489423,194753,34819,25271,159934,0.32678071933685177
2025-07-29,GOLD - COMMODITY EXCHANGE INC.,445259,170918,36662,20422,134256,0.3015233830197705
2025-08-05,GOLD - COMMODITY EXCHANGE INC.,449647,186304,32317,19305,153987,0.3424619757276263
2025-08-12,GOLD - COMMODITY EXCHANGE INC.,446152,182337,34050,28754,148287,0.33236878911223083
2025-08-19,GOLD - COMMODITY EXCHANGE INC.,438541,173388,36003,28778,137385,0.31327743586118517
2025-08-26,GOLD - COMMODITY EXCHANGE INC.,443760,175494,33577,28754,141917,0.31980575085631874
2025-09-02,GOLD - COMMODITY EXCHANGE INC.,492908,196127,34625,29736,161502,0.3276514075649006
2025-09-09,GOLD - COMMODITY EXCHANGE INC.,509625,198907,35388,29530,163519,0.3208614177090998
2025-09-16,GOLD - COMMODITY EXCHANGE INC.,516221,195347,36376,31147,158971,0.3079514394028914
2025-09-23,GOLD - COMMODITY EXCHANGE INC.,528789,198826,38277,32516,160549,0.30361637628619353
2025-09-30,GOLD - COMMODITY EXCHANGE INC.,493748,184199,38972,31094,145227,0.2941318243314403
2025-10-07,GOLD - COMMODITY EXCHANGE INC.,485559,170587,40828,30826,129759,0.2672363193762241
2025-10-14,GOLD - COMMODITY EXCHANGE INC.,485788,152187,43877,31615,108310,0.22295733941554752
2025-10-21,GOLD - COMMODITY EXCHANGE INC.,472421,135503,43276,31407,92227,0.19522205829122752
2025-10-28,GOLD - COMMODITY EXCHANGE INC.,457122,138605,34446,28260,104159,0.22785820853076422
2025-11-04,GOLD - COMMODITY EXCHANGE INC.,450399,130688,30143,26897,100545,0.22323539794715352
2025-11-10,GOLD - COMMODITY EXCHANGE INC.,459997,134155,30068,19999,104087,0.2262775626797566
2025-11-18,GOLD - COMMODITY EXCHANGE INC.,471953,130222,32017,22560,98205,0.20808216072363137
2025-11-25,GOLD - COMMODITY EXCHANGE INC.,432946,136979,27670,25169,109309,0.25247721424842823
2025-12-02,GOLD - COMMODITY EXCHANGE INC.,418490,140143,19819,26484,120324,0.2875194150397859
2025-12-09,GOLD - COMMODITY EXCHANGE INC.,432569,143383,19835,30462,123548,0.2856145493551318
2025-12-16,GOLD - COMMODITY EXCHANGE INC.,471093,152873,20277,35394,132596,0.28146459403981805
2025-12-23,GOLD - COMMODITY EXCHANGE INC.,492103,160581,24311,40061,136270,0.27691357297151203
2025-12-30,GOLD - COMMODITY EXCHANGE INC.,481866,148642,22602,44374,126040,0.2615664935895041
2026-01-06,GOLD - COMMODITY EXCHANGE INC.,488116,146445,23232,50263,123213,0.25242565291856855
2026-01-13,GOLD - COMMODITY EXCHANGE INC.,527455,158825,24080,48947,134745,0.2554625513076945
2026-01-20,GOLD - COMMODITY EXCHANGE INC.,528004,163668,26224,53444,137444,0.2603086340254998
2026-01-27,GOLD - COMMODITY EXCHANGE INC.,488463,143321,25162,51450,118159,0.2418995911665776
2026-02-03,GOLD - COMMODITY EXCHANGE INC.,409694,118936,26864,37965,92072,0.22473358164874271
2026-02-10,GOLD - COMMODITY EXCHANGE INC.,404391,119232,27210,36381,92022,0.22755699310815522
2026-02-17,GOLD - COMMODITY EXCHANGE INC.,407078,123011,27118,37310,95893,0.23556419162912268
2026-02-24,GOLD - COMMODITY EXCHANGE INC.,420182,121233,25259,38830,95974,0.22841054590629775
2026-03-03,GOLD - COMMODITY EXCHANGE INC.,409789,123456,25539,39060,97917,0.23894492043466273
2026-03-10,GOLD - COMMODITY EXCHANGE INC.,413956,125077,26678,41989,98399,0.23770400718916987
2026-03-17,GOLD - COMMODITY EXCHANGE INC.,411388,130147,28104,42138,102043,0.24804564061178255
2026-03-24,GOLD - COMMODITY EXCHANGE INC.,403925,119562,27941,43825,91621,0.22682676239400879
2026-03-31,GOLD - COMMODITY EXCHANGE INC.,361409,120092,27278,35316,92814,0.25681153485386365
2026-04-07,GOLD - COMMODITY EXCHANGE INC.,354877,120726,30694,32688,90032,0.25369916900785344
2026-04-14,GOLD - COMMODITY EXCHANGE INC.,362274,125422,30281,33190,95141,0.2626216620568962
2026-04-21,GOLD - COMMODITY EXCHANGE INC.,365842,123681,30705,33896,92976,0.25414249867429106
2026-04-28,GOLD - COMMODITY EXCHANGE INC.,369530,122257,32505,35404,89752,0.24288149811923254
2026-05-05,GOLD - COMMODITY EXCHANGE INC.,367932,123353,29099,37353,94254,0.2561723361925573
2026-05-12,GOLD - COMMODITY EXCHANGE INC.,376496,127242,29227,36664,98015,0.2603347711529472
2026-05-19,GOLD - COMMODITY EXCHANGE INC.,379325,122894,29354,38714,93540,0.24659592697554866
2026-05-26,GOLD - COMMODITY EXCHANGE INC.,353489,124277,26831,20369,97446,0.2756691155877552
2026-06-02,GOLD - COMMODITY EXCHANGE INC.,326052,129367,17188,12456,112179,0.3440524824261161
2026-06-09,GOLD - COMMODITY EXCHANGE INC.,332709,126280,20417,13173,105863,0.31818496043088706
2026-06-16,GOLD - COMMODITY EXCHANGE INC.,339330,128043,14322,13259,113721,0.33513394041198835
2026-06-23,GOLD - COMMODITY EXCHANGE INC.,352167,131102,15707,15170,115395,0.32767124688003135
